year,end_year,code,disaster_type,total_affected,total_deaths,total_damage_000USD,insured_losses_000USD,magnitude_scale,magnitude_value,population,unemployment,sewerage_system_coverage,percentage_of_woman_30_to_54,gdp_cap,poor_sanitation_deaths_per_100thousand,basic_water_access,garbage_collection_access,sewerage_or_tank_access,max_2_per_dorm_percent,location,day,month,end_day,end_month,disaster_name,disaster_key,gdp_anual_growth,GDP_deflator_index,gdp,ipca_index
2000,2000,AL,Landslide,37612.375777961926,15.781416410333675,19726.770512917097,0,NA,NA,2897.881,NA,NA,NA,6.31,NA,NA,NA,NA,NA,Alagoas,30,07,17,08,NA,2000-0466,1.9439823983,NA,NA,NA
2000,2000,ES,Flood,92.00228161268909,0.5980148304824792,0,0,Km2,578300,3194.255,NA,NA,NA,16.47,NA,NA,NA,NA,NA,Espirito Santo,17,12,26,12,NA,2000-0809,8.9587315681,NA,NA,NA
2000,2000,MG,Flood,17977.72570498155,6.677440976136005,0,0,Km2,350000,18178.042,NA,NA,NA,13.96,NA,NA,NA,NA,NA,Minas Gerais,01,01,06,01,NA,2000-0019,5.1114478946,NA,NA,NA
2000,2000,MG,Flood,523.5716432317677,3.40321568100649,0,0,Km2,578300,18178.042,NA,NA,NA,13.96,NA,NA,NA,NA,NA,Minas Gerais,17,12,26,12,NA,2000-0809,5.1114478946,NA,NA,NA
2000,2000,PE,Landslide,105387.62422203808,44.21858358966633,55273.22948708291,0,NA,NA,8119.689,NA,NA,NA,8.11,NA,NA,NA,NA,NA,Pernambuco,30,07,17,08,NA,2000-0466,4.3287522279,NA,NA,NA
2000,2000,PE,Flood,1e4,3.0000000000000004,0,0,Km2,3000,8119.689,NA,NA,NA,8.11,NA,NA,NA,NA,NA,Pernambuco,16,09,18,09,NA,2000-0590,4.3287522279,NA,NA,NA
2000,2000,RJ,Flood,14639.245623899857,5.437434088877089,0,0,Km2,350000,14802.363,NA,NA,NA,21.36,NA,NA,NA,NA,NA,Rio de Janeiro,01,01,06,01,NA,2000-0019,2.5746961428,NA,NA,NA
2000,2000,RS,Flood,5e3,6,0,0,Km2,10250,10266.739,NA,NA,NA,19.09,NA,NA,NA,NA,NA,Rio Grande do Sul,12,10,15,10,NA,2000-0666,4.3087215203,NA,NA,NA
2000,2000,RS,Flood,295.70695286443254,1.9220951936188115,0,0,Km2,578300,10266.739,NA,NA,NA,19.09,NA,NA,NA,NA,NA,Rio Grande do Sul,17,12,26,12,NA,2000-0809,4.3087215203,NA,NA,NA
2000,2000,RS,Extreme temperature,0,7,0,0,Ã¸C,-5,10266.739,NA,NA,NA,19.09,NA,NA,NA,NA,NA,Rio Grande do Sul,NA,07,NA,07,NA,2000-0456,4.3087215203,NA,NA,NA
2000,2000,SP,Flood,1088.7191222911106,7.076674294892218,0,0,Km2,578300,37799.568,NA,NA,NA,23.71,NA,NA,NA,NA,NA,Sao Paulo,17,12,26,12,NA,2000-0809,4.2628419828,NA,NA,NA
2000,2000,SP,Flood,37383.0286711186,13.885124934986905,0,0,Km2,350000,37799.568,NA,NA,NA,23.71,NA,NA,NA,NA,NA,Sao Paulo,01,01,06,01,NA,2000-0019,4.2628419828,NA,NA,NA
2001,2001,ES,Flood,764.4657093472265,1.7987428455228858,0,0,Km2,45210,3244.851,NA,45.43,16.26,16.24,NA,NA,NA,NA,NA,Espirito Santo,19,11,23,11,NA,2001-0723,0.3301667574,NA,NA,NA
2001,2001,MG,Flood,4335.534290652774,10.201257154477116,0,0,Km2,45210,18402.608,NA,70.66,16.64,13.77,NA,NA,NA,NA,NA,Minas Gerais,19,11,23,11,NA,2001-0723,-0.1159895625,NA,NA,NA
2001,2001,MT,Flood,4000.0000000000005,23,0,0,Km2,5180,2611.854,NA,7.36,15.27,13.5,NA,NA,NA,NA,NA,Mato Grosso,25,04,26,04,NA,2001-0213,6.7431589797000004,NA,NA,NA
2001,2001,PE,Drought,1e6,0,0,0,Km2,NA,8212.595,NA,28.57,15.29,8.15,NA,NA,NA,NA,NA,Pernambuco,NA,06,NA,NA,NA,2001-9394,1.6397355065,NA,NA,NA
2001,2001,PR,Storm,519.75946985404,1.9873156200301532,0,0,Kph,NA,9786.066,NA,42.31,17.02,16.15,NA,NA,NA,NA,NA,Parana,29,09,04,10,NA,2001-0544,3.8265438065,NA,NA,NA
2001,2001,RJ,Flood,1946,50,45e3,0,Km2,9990,14954.176,NA,56.24,18.63,21.29,NA,NA,NA,NA,NA,Rio de Janeiro,24,12,25,12,NA,2001-0696,0.8737446919,NA,NA,NA
2001,2001,RS,Storm,550.5606140844768,2.105084700911235,0,0,Kph,NA,10365.992,NA,11.33,17.6,19.26,NA,NA,NA,NA,NA,Rio Grande do Sul,29,09,04,10,NA,2001-0544,2.0202148088,NA,NA,NA
2001,2001,SC,Storm,294.24035240755325,1.1250366415582918,0,0,Kph,NA,5539.977,NA,11.66,17.35,20.88,NA,NA,NA,NA,NA,Santa Catarina,29,09,04,10,NA,2001-0544,3.1917973761,NA,NA,NA
2001,2001,SP,Storm,2035.4395636539298,7.78256303750032,0,0,Kph,NA,38323.392,NA,84.14,17.84,23.42,NA,NA,NA,NA,NA,Sao Paulo,29,09,04,10,NA,2001-0544,0.38395454,NA,NA,NA
2002,2002,MG,Flood,1500,17,0,0,Km2,2250,18620.721,NA,72.17,16.72,14.1,NA,NA,NA,NA,NA,Minas Gerais,03,02,05,02,NA,2002-0082,3.7311496399,NA,NA,NA
2002,2002,MG,Drought,0,0,0,0,Km2,NA,18620.721,NA,72.17,16.72,14.1,NA,NA,NA,NA,NA,Minas Gerais,NA,09,NA,NA,NA,2002-9605,3.7311496399,NA,NA,NA
2002,2002,PB,Drought,0,0,0,0,Km2,NA,3542.012,NA,27.84,14.74,6.27,NA,NA,NA,NA,NA,Paraiba,NA,09,NA,NA,NA,2002-9605,4.7671405188,NA,NA,NA
2002,2002,PE,Drought,0,0,0,0,Km2,NA,8304.375,NA,34.06,15.32,8.4,NA,NA,NA,NA,NA,Pernambuco,NA,09,NA,NA,NA,2002-9605,4.1113568104,NA,NA,NA
2002,2002,PI,Drought,0,0,0,0,Km2,NA,2945.649,NA,2.31,14.26,4.96,NA,NA,NA,NA,NA,Piaui,NA,09,NA,NA,NA,2002-9605,1.7454978587,NA,NA,NA
2002,2002,RJ,Landslide,1500,74,11e3,0,NA,0,15100.157,NA,49.79,19.12,21.84,NA,NA,NA,NA,NA,Rio de Janeiro,09,12,12,12,NA,2002-0824,3.8236423075,NA,NA,NA
2002,2002,RJ,Landslide,0,13,0,0,NA,0,15100.157,NA,49.79,19.12,21.84,NA,NA,NA,NA,NA,Rio de Janeiro,21,12,21,12,NA,2002-0830,3.8236423075,NA,NA,NA
2002,2002,RJ,Epidemic,317730,57,0,0,Vaccinated,NA,15100.157,NA,49.79,19.12,21.84,NA,NA,NA,NA,NA,Rio de Janeiro,01,01,25,04,Dengue,2002-0154,3.8236423075,NA,NA,NA
2002,2002,RN,Drought,0,0,0,0,Km2,NA,2930.535,NA,6.21,15.06,8.57,NA,NA,NA,NA,NA,Rio Grande do Norte,NA,09,NA,NA,NA,2002-9605,4.9326833487,NA,NA,NA
2002,2002,RS,Flood,2e3,0,0,0,Km2,18940,10459.249,NA,14.56,17.84,19.37,NA,NA,NA,NA,NA,Rio Grande do Sul,12,06,19,06,NA,2002-0403,1.7070584118,NA,NA,NA
2003,2004,AL,Flood,4600.132041560969,4.220785653908451,7943.466168535781,0,Km2,NA,3013.346,NA,4.21,13.92,6.18,NA,NA,NA,NA,NA,Alagoas,NA,12,19,02,NA,2003-0673,-0.5608108662,NA,NA,NA
2003,2004,BA,Flood,21284.626327929567,19.529405817499633,36754.09914721981,0,Km2,NA,13942.631,NA,37.4,14.52,8.23,NA,NA,NA,NA,NA,Bahia,NA,12,19,02,NA,2003-0673,2.1538491618,NA,NA,NA
2003,2004,CE,Flood,12119.130242656716,11.11973539105107,20927.20387259922,0,Km2,NA,7938.714,NA,20.95,14.52,7.01,NA,NA,NA,NA,NA,Ceara,NA,12,19,02,NA,2003-0673,1.4726216334,NA,NA,NA
2003,2003,ES,Flood,426.51632176751906,2.19121695133156,0,0,Km2,6740,3346.44,NA,54.46,16.56,17.04,NA,NA,NA,NA,NA,Espirito Santo,14,01,24,01,NA,2003-0028,1.428204875,NA,NA,NA
2003,2004,ES,Flood,5108.6287034948155,4.687349525632104,8821.533579295203,0,Km2,NA,3346.44,NA,54.46,16.56,17.04,NA,NA,NA,NA,NA,Espirito Santo,NA,12,19,02,NA,2003-0673,1.428204875,NA,NA,NA
2003,2004,MG,Flood,28749.326915523834,26.378535552512325,49644.07622615673,0,Km2,NA,18832.431,NA,72.83,17.05,14.11,NA,NA,NA,NA,NA,Minas Gerais,NA,12,19,02,NA,2003-0673,1.3880848718,NA,NA,NA
2003,2003,MG,Flood,2400.2639222757916,12.33129595689209,0,0,Km2,6740,18832.431,NA,72.83,17.05,14.11,NA,NA,NA,NA,NA,Minas Gerais,14,01,24,01,NA,2003-0028,1.3880848718,NA,NA,NA
2003,2003,MG,Flood,4104.6643663098075,7.439704163936527,0,0,Km2,75950,18832.431,NA,72.83,17.05,14.11,NA,NA,NA,NA,NA,Minas Gerais,11,01,04,02,NA,2003-0730,1.3880848718,NA,NA,NA
2003,2004,PE,Flood,12815.693149465218,11.758856767902778,22130.022364438144,0,Km2,NA,8395.002,NA,35.54,15.24,8.25,NA,NA,NA,NA,NA,Pernambuco,NA,12,19,02,NA,2003-0673,-0.6313143212,NA,NA,NA
2003,2004,PI,Flood,4545.223793629644,4.170405372852184,7848.651105429887,0,Km2,NA,2977.378,NA,1.11,14.18,5.17,NA,NA,NA,NA,NA,Piaui,NA,12,19,02,NA,2003-0673,5.392958118,NA,NA,NA
2003,2004,RJ,Flood,23265.60532739651,21.3470248914962,40174.835665362414,0,Km2,NA,15240.284,NA,57.08,19.4,21.34,NA,NA,NA,NA,NA,Rio de Janeiro,NA,12,19,02,NA,2003-0673,-1.1097255426,NA,NA,NA
2003,2003,RJ,Flood,3321.72998096961,6.0206355905074185,0,0,Km2,75950,15240.284,NA,57.08,19.4,21.34,NA,NA,NA,NA,NA,Rio de Janeiro,11,01,04,02,NA,2003-0730,-1.1097255426,NA,NA,NA
2003,2003,RJ,Flood,1942.4313223522224,9.979192408621447,0,0,Km2,6740,15240.284,NA,57.08,19.4,21.34,NA,NA,NA,NA,NA,Rio de Janeiro,14,01,24,01,NA,2003-0028,-1.1097255426,NA,NA,NA
2003,2003,RJ,Flood,2e3,7,0,0,Km2,NA,15240.284,NA,57.08,19.4,21.34,NA,NA,NA,NA,NA,Rio de Janeiro,29,11,29,11,NA,2003-0579,-1.1097255426,NA,NA,NA
2003,2003,RS,Flood,2e3,4,0,0,Km2,73220,10546.778,NA,12.84,17.75,19.47,NA,NA,NA,NA,NA,Rio Grande do Sul,27,10,31,10,NA,2003-0521,1.6492549217,NA,NA,NA
2003,2003,SC,Flood,728.2442079298229,3.741336431187369,0,0,Km2,6740,5713.792,NA,17.22,17.96,20.84,NA,NA,NA,NA,NA,Santa Catarina,14,01,24,01,NA,2003-0028,1.0478830201,NA,NA,NA
2003,2004,SE,Flood,2931.5612493311783,2.6898122821127237,5062.193301118978,0,Km2,NA,1920.338,NA,38.51,16.12,8.95,NA,NA,NA,NA,NA,Sergipe,NA,12,19,02,NA,2003-0673,2.6711694037,NA,NA,NA
2003,2003,SP,Flood,5013.544225674644,25.756958251967532,0,0,Km2,6740,39336.185,NA,86.44,18.01,22.88,NA,NA,NA,NA,NA,Sao Paulo,14,01,24,01,NA,2003-0028,-0.3570341496,NA,NA,NA
2003,2004,SP,Flood,60050.07224901155,55.098088745032534,103693.91856984385,0,Km2,NA,39336.185,NA,86.44,18.01,22.88,NA,NA,NA,NA,NA,Sao Paulo,NA,12,19,02,NA,2003-0673,-0.3570341496,NA,NA,NA
2003,2003,SP,Flood,8573.605652720584,15.539660245556057,0,0,Km2,75950,39336.185,NA,86.44,18.01,22.88,NA,NA,NA,NA,NA,Sao Paulo,11,01,04,02,NA,2003-0730,-0.3570341496,NA,NA,NA
2004,2005,AL,Drought,0,0,90057.4466991774,0,Km2,NA,3049.431,NA,5.82,14.7,6.38,NA,62.4,71.3,14.1,70.6,Alagoas,NA,12,NA,03,NA,2004-9705,4.5156935401,NA,NA,NA
2004,2004,AL,Flood,2254,28,370,0,Km2,150,3049.431,NA,5.82,14.7,6.38,NA,62.4,71.3,14.1,70.6,Alagoas,01,06,02,06,NA,2004-0236,4.5156935401,NA,NA,NA
2004,2005,BA,Drought,0,0,415687.3511929079,0,Km2,NA,14075.57,NA,39.02,14.76,8.93,NA,74.9,69.6,49.3,75.1,Bahia,NA,12,NA,03,NA,2004-9705,9.6270480496,NA,NA,NA
2004,2005,CE,Drought,0,0,237511.56445093197,0,Km2,NA,8042.368,NA,25.07,15.13,7.26,NA,74.4,71.2,39.3,71.7,Ceara,NA,12,NA,03,NA,2004-9705,5.1504274981,NA,NA,NA
2004,2005,PB,Drought,0,0,106673.84241790396,0,Km2,NA,3612.078,NA,31.2,15.27,6.68,NA,78.5,75,54.6,75.1,Paraiba,NA,12,NA,03,NA,2004-9705,2.7814350792,NA,NA,NA
2004,2004,PB,Flood,3e3,7,0,0,Km2,150,3612.078,NA,31.2,15.27,6.68,NA,78.5,75,54.6,75.1,Paraiba,17,06,18,06,NA,2004-0317,2.7814350792,NA,NA,NA
2004,2005,PE,Drought,0,0,250563.17571684832,0,Km2,NA,8484.308,NA,34.89,15.69,8.5,NA,74.6,76.1,38.7,74.9,Pernambuco,NA,12,NA,03,NA,2004-9705,4.1021508352,NA,NA,NA
2004,2005,PI,Drought,0,0,88814.18577897885,0,Km2,NA,3007.333,NA,4.18,14.16,5.44,NA,66.2,50,51.5,70.7,Piaui,NA,12,NA,03,NA,2004-9705,6.293034379,NA,NA,NA
2004,2004,PR,Extreme temperature,0,0,0,0,Ã¸C,-7,10128.262,NA,42.77,17.62,17.4,NA,86.2,87.3,67.3,84.9,Parana,NA,07,NA,07,NA,2004-0331,5.0206964989,NA,NA,NA
2004,2005,RN,Drought,0,0,89179.23752097548,0,Km2,NA,3019.694,NA,14.16,15.54,8.75,NA,85,82.9,52.8,75.3,Rio Grande do Norte,NA,12,NA,03,NA,2004-9705,3.4632269954,NA,NA,NA
2004,2005,RS,Drought,0,0,313895.6512939289,0,Km2,NA,10628.806,NA,11.4,17.96,19.89,NA,85.2,87.2,81,86.2,Rio Grande do Sul,NA,12,NA,03,NA,2004-9705,3.3370231903,NA,NA,NA
2004,2004,RS,Storm,97071.6366093842,2.5875419594664586,226409.9214533151,1940.6564695998438,Kph,150,10628.806,NA,11.4,17.96,19.89,NA,85.2,87.2,81,86.2,Rio Grande do Sul,27,03,29,03,Catarina,2004-0131,3.3370231903,NA,NA,NA
2004,2004,SC,Storm,52988.3633906158,1.4124580405335414,123590.07854668488,1059.343530400156,Kph,150,5801.932,NA,15.79,18.18,22.05,NA,76.9,87.8,81.6,88.1,Santa Catarina,27,03,29,03,Catarina,2004-0131,7.5373201735,NA,NA,NA
2004,2004,SC,Extreme temperature,0,0,0,0,Ã¸C,-7,5801.932,NA,15.79,18.18,22.05,NA,76.9,87.8,81.6,88.1,Santa Catarina,NA,07,NA,07,NA,2004-0331,7.5373201735,NA,NA,NA
2004,2005,SE,Drought,0,0,57617.54492834716,0,Km2,NA,1950.985,NA,49.72,16.25,9.38,NA,87.4,79.7,74.5,77.4,Sergipe,NA,12,NA,03,NA,2004-9705,6.6254364501,NA,NA,NA
2005,2005,AM,Drought,0,0,0,0,Km2,NA,3244.995,NA,2.03,14.45,15.33,NA,65.6,74.8,55.1,65,Amazonas,NA,10,NA,10,NA,2005-9569,10.4109239025,NA,NA,NA
2005,2005,MG,Flood,3231.01672781744,6.1389317828531365,0,0,Km2,184290,19236.503,NA,73.85,17.34,15.13,NA,86.5,84.8,74.7,83.5,Minas Gerais,29,01,11,02,NA,2005-0054,3.961350233,NA,NA,NA
2005,2005,PE,Flood,31e3,28,0,0,Km2,6050,8572.129,NA,36.6,15.95,8.76,NA,74.9,78.3,40.5,74.5,Pernambuco,01,06,04,06,NA,2005-0296,4.1963194071,NA,NA,NA
2005,2005,SC,Storm,344,2,0,0,Kph,200,5890.979,NA,15.92,18.19,22.04,NA,79.1,89.1,82.6,89.2,Santa Catarina,03,01,03,01,NA,2005-0003,1.5582349551,NA,NA,NA
2005,2005,SP,Flood,6768.9832721825605,12.861068217146865,0,0,Km2,184290,40300.493,NA,88.05,18.24,24.36,NA,96.2,98.4,93.1,78.2,Sao Paulo,29,01,11,02,NA,2005-0054,3.5426800934,NA,NA,NA
2006,2006,PA,Flood,116e3,8,0,0,Km2,1164000,7157.305,NA,3.29,14.03,9.76,NA,45.6,73.2,54.5,63.5,Para,25,03,23,04,NA,2006-0201,7.0909510901,NA,NA,NA
2006,2006,RJ,Flood,0,12,0,0,Km2,9335,15627.358,NA,61.56,19.21,22.76,NA,88.4,98.2,90.4,82.7,Rio de Janeiro,27,01,30,01,NA,2006-0038,3.9716684382,NA,NA,NA
2007,2007,CE,Drought,214806.74076337813,0,0,0,Km2,NA,8326.445,NA,27.13,15.44,8.12,NA,78.9,74.7,50.2,75.3,Ceara,NA,10,NA,NA,NA,2007-9514,3.3368865679,NA,NA,NA
2007,2007,ES,Flood,8861.376172732804,2.613060746657514,5536.145649698124,0,Km2,210600,3548.614,NA,55.39,17.91,21.42,NA,83.1,86.3,79.1,84.8,Espirito Santo,01,01,12,01,NA,2007-0003,7.8389780971,NA,NA,NA
2007,2007,MA,Drought,164630.09320298122,0,0,0,Km2,NA,6381.473,NA,12.58,14.43,6.63,NA,64.3,63.2,52.7,68.3,Maranhao,NA,10,NA,NA,NA,2007-9514,9.101151652,NA,NA,NA
2007,2007,MG,Earthquake,286,1,0,0,Richter,49,19614.742,NA,76.25,17.8,16.57,NA,86.6,87.2,80.4,86.1,Minas Gerais,09,12,09,12,NA,2007-0653,5.6078172944,NA,NA,NA
2007,2007,MG,Landslide,5e3,0,0,0,NA,NA,19614.742,NA,76.25,17.8,16.57,NA,86.6,87.2,80.4,86.1,Minas Gerais,10,01,10,01,NA,2007-0015,5.6078172944,NA,NA,NA
2007,2007,MG,Drought,506023.7352116714,0,0,0,Km2,NA,19614.742,NA,76.25,17.8,16.57,NA,86.6,87.2,80.4,86.1,Minas Gerais,NA,10,NA,NA,NA,2007-9514,5.6078172944,NA,NA,NA
2007,2007,MG,Flood,48980.70271748389,14.443529889701866,30600.69891885989,0,Km2,210600,19614.742,NA,76.25,17.8,16.57,NA,86.6,87.2,80.4,86.1,Minas Gerais,01,01,12,01,NA,2007-0003,5.6078172944,NA,NA,NA
2007,2007,PI,Drought,79587.9129965167,0,0,0,Km2,NA,3085.026,NA,5,15.65,6.04,NA,65.2,54.1,59.5,73.9,Piaui,NA,10,NA,NA,NA,2007-9514,2.0417383951,NA,NA,NA
2007,2007,RJ,Flood,39320.017885333626,11.59476736922573,24565.1851042918,0,Km2,210600,15746.038,NA,69.05,19.3,23.8,NA,86.7,98.3,91,83.1,Rio de Janeiro,01,01,12,01,NA,2007-0003,3.6080815631,NA,NA,NA
2007,2007,RJ,Flood,2272,6,0,0,Km2,730,15746.038,NA,69.05,19.3,23.8,NA,86.7,98.3,91,83.1,Rio de Janeiro,24,10,27,10,NA,2007-0528,3.6080815631,NA,NA,NA
2007,2007,RS,Flood,4e3,4,0,0,Km2,127400,10844.476,NA,20.41,18.48,21.84,NA,85.3,90.8,83.1,88.8,Rio Grande do Sul,24,09,30,09,NA,2007-0465,6.5320343313,NA,NA,NA
2007,2007,SP,Flood,102917.90322444968,30.34864199441489,64297.97032715019,0,Km2,210600,41214.356,NA,86.84,19.04,27.62,NA,96.7,98.5,93.6,81.2,Sao Paulo,01,01,12,01,NA,2007-0003,7.4064255086,NA,NA,NA
2007,2007,TO,Drought,34951.51782545262,0,0,0,Km2,NA,1354.808,NA,11.85,15.08,11.02,NA,78,74,30.1,77.2,Tocantins,NA,10,NA,NA,NA,2007-9514,4.6761561432,NA,NA,NA
2008,2008,CE,Flood,47368.8411988268,8.975148858725076,89751.48858725077,0,Km2,1120000,8412.055,NA,30.15,16.14,8.53,461,80.9,76.4,52.2,77.4,Ceara,30,03,04,04,NA,2008-0125,8.4934644498,NA,NA,NA
2008,2008,MA,Flood,36369.87043923623,6.891133346381601,68911.33346381602,0,Km2,1120000,6458.789,NA,13.36,14.34,6.72,650.1,69.9,66.6,61.2,70,Maranhao,30,03,04,04,NA,2008-0125,4.3736640788,NA,NA,NA
2008,2008,PB,Flood,21124.985433320053,4.002628818944852,40026.28818944852,0,Km2,1120000,3751.507,NA,40.84,16.15,7.62,626.7,77.6,80.4,57.9,80.4,Paraiba,30,03,04,04,NA,2008-0125,5.5242573506,NA,NA,NA
2008,2008,PE,Flood,49697.25341470838,9.416321699628956,94163.21699628956,0,Km2,1120000,8825.549,NA,42.35,16.74,9.84,276,76.8,79.2,51.7,79.3,Pernambuco,30,03,04,04,NA,2008-0125,5.2529289286,NA,NA,NA
2008,2008,PI,Flood,17493.454329738895,3.314549241424212,33145.492414242115,0,Km2,1120000,3106.597,NA,2.76,15.25,6.39,927.4,69.2,56.2,59.5,77.1,Piaui,30,03,04,04,NA,2008-0125,8.7918256119,NA,NA,NA
2008,2008,RJ,Flood,12870,9,0,0,Km2,290,15859.866,NA,69.17,19.27,24.08,205.2,87.1,98.1,88.7,83.2,Rio de Janeiro,02,02,06,02,NA,2008-0041,4.1474096955,NA,NA,NA
2008,2008,RJ,Epidemic,162701,123,0,0,Vaccinated,NA,15859.866,NA,69.17,19.27,24.08,205.2,87.1,98.1,88.7,83.2,Rio de Janeiro,NA,03,NA,11,Dengue and Hemorrhagic fever outbreaks,2008-0065,4.1474096955,NA,NA,NA
2008,2008,RN,Flood,17945.595184169662,3.400218034895304,34002.18034895304,0,Km2,1120000,3186.891,NA,17.68,16.24,9.76,474.2,87.8,84.4,48.1,79.3,Rio Grande do Norte,30,03,04,04,NA,2008-0125,4.5493247503,NA,NA,NA
2008,2008,RS,Storm,1022.2673331456076,1.9167512496480144,0,0,Kph,NA,10906.958,NA,15.76,18.5,21.88,205.3,84.4,90.8,78.1,89.4,Rio Grande do Sul,06,05,06,05,NA,2008-0346,2.7399180412,NA,NA,NA
2008,2008,SC,Flood,1500015,151,75e4,47e4,Km2,103400,6164.049,NA,28.18,18.14,23.92,183.1,79.1,92,81.6,91.2,Santa Catarina,22,11,24,11,NA,2008-0549,2.9723197489,NA,NA,NA
2008,2008,SC,Storm,577.7326668543924,1.0832487503519856,0,0,Kph,NA,6164.049,NA,28.18,18.14,23.92,183.1,79.1,92,81.6,91.2,Santa Catarina,06,05,06,05,NA,2008-0346,2.9723197489,NA,NA,NA
2008,2008,SP,Flood,49506,4,0,0,Km2,23020,41651.651,NA,88.53,19.19,28.4,75.5,96.5,98.5,94.2,82.7,Sao Paulo,12,01,16,01,NA,2008-0016,5.8912359761,NA,NA,NA
2009,2009,AC,Epidemic,2139.5571519745117,0.39012370872936825,0,0,Vaccinated,NA,720.132,NA,21.74,14.03,11.06,516.7,53.6,76.1,56.1,65.6,Acre,NA,NA,31,03,Dengue,2009-0128,1.1675078909,NA,NA,NA
2009,2009,AL,Flood,53274.5249878309,2.5922090531918762,25459.196058134497,0,Km2,524400,3205.791,NA,8.03,15.91,7.29,397.9,67.1,75.1,33,77.9,Alagoas,22,04,14,05,NA,2009-0163,2.1031359483,NA,NA,NA
2009,2009,AM,Flood,18e3,0,0,0,Km2,NA,3534.456,NA,17.61,15.58,16.02,193.2,69.4,83.7,60.8,63.3,Amazonas,20,06,21,06,NA,2009-0238,-2.0097402827,NA,NA,NA
2009,2009,AM,Flood,58736.35071356456,2.857968233521258,28069.330864940923,0,Km2,524400,3534.456,NA,17.61,15.58,16.02,193.2,69.4,83.7,60.8,63.3,Amazonas,22,04,14,05,NA,2009-0163,-2.0097402827,NA,NA,NA
2009,2009,BA,Flood,243719.58786826098,11.858803476081862,116470.39128294686,0,Km2,524400,14665.81,NA,42.74,16.41,9.89,631.2,79.5,76,57.8,81.8,Bahia,22,04,14,05,NA,2009-0163,-0.5654756748,NA,NA,NA
2009,2009,BA,Epidemic,43573.03754728205,7.945043670771825,0,0,Vaccinated,NA,14665.81,NA,42.74,16.41,9.89,631.2,79.5,76,57.8,81.8,Bahia,NA,NA,31,03,Dengue,2009-0128,-0.5654756748,NA,NA,NA
2009,2009,CE,Flood,141141.07821533622,6.867582222659509,67449.46825826303,0,Km2,524400,8493.155,NA,30.9,16.31,8.44,333.3,81.9,77.7,45.1,77.2,Ceara,22,04,14,05,NA,2009-0163,0.0384501871,NA,NA,NA
2009,2009,ES,Flood,68e4,0,0,0,Km2,NA,3648.075,NA,60.25,18.05,20.69,268,83.9,87.4,76.7,85,Espirito Santo,02,11,02,11,NA,2009-0560,-6.7312598762,NA,NA,NA
2009,2009,ES,Epidemic,10838.658686448342,1.976305106178992,0,0,Vaccinated,NA,3648.075,NA,60.25,18.05,20.69,268,83.9,87.4,76.7,85,Espirito Santo,NA,NA,31,03,Dengue,2009-0128,-6.7312598762,NA,NA,NA
2009,2009,MA,Flood,108567.24913061205,5.282618777751563,51882.86299577428,0,Km2,524400,6533.027,NA,11.48,15.12,6.54,678.6,67.5,66.1,58.9,72.6,Maranhao,22,04,14,05,NA,2009-0163,-1.7271681425,NA,NA,NA
2009,2010,MG,Landslide,555.6321718561874,41.11678071735787,80566.66491914717,0,NA,55640,19967.56,NA,78.21,18.02,16.1,133.9,87.8,88.6,79.5,86.8,Minas Gerais,31,12,28,01,NA,2009-0600,-3.9663211882,NA,NA,NA
2009,2009,MG,Epidemic,59324.86794848749,10.817209291457932,0,0,Vaccinated,NA,19967.56,NA,78.21,18.02,16.1,133.9,87.8,88.6,79.5,86.8,Minas Gerais,NA,NA,31,03,Dengue,2009-0128,-3.9663211882,NA,NA,NA
2009,2009,MG,Flood,582.3025161052844,8.890114749698999,0,0,Km2,1186000,19967.56,NA,78.21,18.02,16.1,133.9,87.8,88.6,79.5,86.8,Minas Gerais,20,01,27,01,NA,2009-0017,-3.9663211882,NA,NA,NA
2009,2009,MT,Epidemic,8923.021598952097,1.6270106531358126,0,0,Vaccinated,NA,3003.31,NA,11.06,17.44,19.16,442,74,80.5,29.8,82.4,Mato Grosso,NA,NA,31,03,Dengue,2009-0128,2.4475503527,NA,NA,NA
2009,2009,PA,Flood,124996.49868686641,6.08202617643976,59734.185661461925,0,Km2,524400,7521.656,NA,2.46,14.85,9.7,867.9,48.8,77.9,58.4,66.6,Para,22,04,14,05,NA,2009-0163,-3.2260498046,NA,NA,NA
2009,2009,PB,Flood,62909.88253597401,3.0610421600612954,30063.806929173435,0,Km2,524400,3785.598,NA,39.25,16.48,7.69,495,79.2,80.5,54.9,79.2,Paraiba,22,04,14,05,NA,2009-0163,1.640625427,NA,NA,NA
2009,2009,PE,Flood,148009.9349925856,7.201804118155177,70732.00473188121,0,Km2,524400,8906.488,NA,39.59,17.19,10.03,229,77.3,80.9,43.6,80.7,Pernambuco,22,04,14,05,NA,2009-0163,2.8193087749,NA,NA,NA
2009,2009,PI,Flood,51947.178278593456,2.527623584673936,24824.874492333303,0,Km2,524400,3125.918,NA,4.08,16.05,6.73,909.7,74,56.8,61.4,77.6,Piaui,22,04,14,05,NA,2009-0163,6.1864580491,NA,NA,NA
2009,2009,PI,Flood,2500,4,0,0,Km2,NA,3125.918,NA,4.08,16.05,6.73,909.7,74,56.8,61.4,77.6,Piaui,28,05,28,05,NA,2009-0207,6.1864580491,NA,NA,NA
2009,2009,RJ,Flood,465.6974838947156,7.1098852503010015,0,0,Km2,1186000,15969.092,NA,72.72,19.35,24.34,94.5,88.1,98.7,88.5,84,Rio de Janeiro,20,01,27,01,NA,2009-0017,1.959292763,NA,NA,NA
2009,2009,RJ,Flood,200,2.9999999999999996,0,0,Km2,47900,15969.092,NA,72.72,19.35,24.34,94.5,88.1,98.7,88.5,84,Rio de Janeiro,12,11,13,11,NA,2009-0512,1.959292763,NA,NA,NA
2009,2010,RJ,Landslide,444.3678281438126,32.88321928264213,64433.33508085283,0,NA,55640,15969.092,NA,72.72,19.35,24.34,94.5,88.1,98.7,88.5,84,Rio de Janeiro,31,12,28,01,NA,2009-0600,1.959292763,NA,NA,NA
2009,2009,RN,Flood,53614.66661822755,2.6087595191769424,25621.745277630682,0,Km2,524400,3226.259,NA,15.01,16.55,9.81,342.8,88.4,86.3,47.3,81.3,Rio Grande do Norte,22,04,14,05,NA,2009-0163,1.5249312486,NA,NA,NA
2009,2009,RR,Epidemic,1339.8570668555121,0.24430756972607032,0,0,Vaccinated,NA,450.969,NA,11.44,15.6,13.72,536.8,77.6,77.3,88.9,68,Roraima,NA,NA,31,03,Dengue,2009-0128,4.5869822929,NA,NA,NA
2009,2009,RS,Flood,1e4,11,5e4,0,Km2,NA,10965.071,NA,18.13,18.46,21.68,161.6,85.7,91.7,83.2,90.1,Rio Grande do Sul,21,11,30,11,NA,2009-0531,-0.3609838994,NA,NA,NA
2009,2009,SC,Storm,306.04330256360214,0.5178397674511035,0,0,Kph,NA,6257.173,NA,24.78,18.78,23.64,140.3,79.5,92.3,84.2,92,Santa Catarina,09,09,09,09,NA,2009-0356,-0.0719670501,NA,NA,NA
2009,2009,SC,Flood,103983.04797214815,5.059562678286816,49692.133447459804,0,Km2,524400,6257.173,NA,24.78,18.78,23.64,140.3,79.5,92.3,84.2,92,Santa Catarina,22,04,14,05,NA,2009-0163,-0.0719670501,NA,NA,NA
2009,2009,SP,Storm,2057.9566974363975,3.4821602325488965,0,0,Kph,NA,42075.716,NA,88.91,19.06,27.93,62.5,96.9,98.9,93.5,82.6,Sao Paulo,09,09,09,09,NA,2009-0356,-0.7783578832,NA,NA,NA
2010,2010,AL,Flood,41530.46868695004,19.045820034779638,159244.21751301864,0,Km2,NA,3231.836,NA,NA,NA,7.87,471.5,NA,NA,NA,NA,Alagoas,19,06,23,06,NA,2010-0248,NA,100,NA,1
2010,2010,AM,Drought,62e3,0,0,0,Km2,NA,3604.165,NA,NA,NA,17.17,205.4,NA,NA,NA,NA,Amazonas,NA,10,NA,NA,NA,2010-9556,NA,100,NA,1
2010,2011,MG,Flood,3326.134856098396,8.954978458726451,0,0,Km2,NA,20134.742,NA,NA,NA,17.93,173.2,NA,NA,NA,NA,Minas Gerais,NA,11,NA,01,NA,2010-0674,NA,100,NA,1
2010,2010,MG,Extreme temperature,0,10.288996959092312,0,0,Ã¸C,463,20134.742,NA,NA,NA,17.93,173.2,NA,NA,NA,NA,Minas Gerais,NA,02,NA,02,NA,2010-0057,NA,100,NA,1
2010,2010,PE,Flood,115469.53131304997,52.95417996522036,442755.7824869814,0,Km2,NA,8985.658,NA,NA,NA,10.82,288.1,NA,NA,NA,NA,Pernambuco,19,06,23,06,NA,2010-0248,NA,100,NA,1
2010,2010,RJ,Flood,74938,256,2e5,0,Km2,NA,16074.006,NA,NA,NA,25.46,113.9,NA,NA,NA,NA,Rio de Janeiro,04,04,12,04,NA,2010-0147,NA,100,NA,1
2010,2011,RJ,Flood,2655.326382316434,7.148955644698091,0,0,Km2,NA,16074.006,NA,NA,NA,25.46,113.9,NA,NA,NA,NA,Rio de Janeiro,NA,11,NA,01,NA,2010-0674,NA,100,NA,1
2010,2010,SP,Extreme temperature,0,21.711003040907688,0,0,Ã¸C,463,42486.692,NA,NA,NA,30.24,86,NA,NA,NA,NA,Sao Paulo,NA,02,NA,02,NA,2010-0057,NA,100,NA,1
2010,2011,SP,Flood,7018.53876158517,18.896065896575458,0,0,Km2,NA,42486.692,NA,NA,NA,30.24,86,NA,NA,NA,NA,Sao Paulo,NA,11,NA,01,NA,2010-0674,NA,100,NA,1
2011,2012,ES,Flood,1303.9251949189713,3.073537959451861,186.27502784556734,0,Km2,NA,3745.577,NA,73.85,18.54,25.75,235.8,86.7,90.7,83.7,87.4,Espirito Santo,NA,12,NA,01,NA,2011-0626,NA,108.32,NA,1.065
2011,2011,ES,Flood,3080.169069515494,0.9936029256501594,0,0,Km2,12444,3745.577,NA,73.85,18.54,25.75,235.8,86.7,90.7,83.7,87.4,Espirito Santo,12,03,18,03,NA,2011-0086,NA,108.32,NA,1.065
2011,2012,MG,Flood,7064.997010982591,16.65320724017325,1009.2852872832273,0,Km2,NA,20294.485,NA,76.74,18.28,18.3,114.2,85.6,89.1,80.8,89.1,Minas Gerais,NA,12,NA,01,NA,2011-0626,NA,108.32,NA,1.065
2011,2011,MS,Flood,2072.5686607818357,0.668570535736076,0,0,Km2,12444,2520.305,NA,29.99,18.77,18.58,211.9,87.1,89.9,39.9,86.2,Mato Grosso do Sul,12,03,18,03,NA,2011-0086,NA,108.32,NA,1.065
2011,2011,MT,Flood,2544.7956225601456,0.8209018137290792,0,0,Km2,12444,3094.547,NA,20.3,17.85,21.71,276.8,80.3,85.1,35.9,85.1,Mato Grosso,12,03,18,03,NA,2011-0086,NA,108.32,NA,1.065
2011,2011,PB,Flood,12527.383722677972,2.4091122543611485,0,0,Km2,200669,3852.082,NA,50.05,17.69,8.74,406.9,81.5,84.8,65.6,86.5,Paraiba,15,07,19,07,NA,2011-0213,NA,108.32,NA,1.065
2011,2011,PE,Flood,29472.2412843422,5.667738708527346,0,0,Km2,200669,9062.506,NA,50.66,17.72,11.01,232,82.4,85.9,68.1,84,Pernambuco,15,07,19,07,NA,2011-0213,NA,108.32,NA,1.065
2011,2011,PE,Flood,13e3,2,0,0,Km2,288020,9062.506,NA,50.66,17.72,11.01,232,82.4,85.9,68.1,84,Pernambuco,08,05,11,05,NA,2011-0187,NA,108.32,NA,1.065
2011,2011,PR,Flood,8898.15536653923,2.8703726988836227,0,0,Km2,12444,10820.421,NA,53.75,18.46,21.29,199.7,89.6,92.6,76.1,90.4,Parana,12,03,18,03,NA,2011-0086,NA,108.32,NA,1.065
2011,2012,RJ,Flood,5631.077794098438,13.273254800374891,804.4396848712054,0,Km2,NA,16175.495,NA,70,19.45,26.83,127.5,86.5,97.6,91.1,83.7,Rio de Janeiro,NA,12,NA,01,NA,2011-0626,NA,108.32,NA,1.065
2011,2011,RJ,Flood,45e3,900,1e6,5e4,Km2,587384,16175.495,NA,70,19.45,26.83,127.5,86.5,97.6,91.1,83.7,Rio de Janeiro,11,01,12,01,NA,2011-0014,NA,108.32,NA,1.065
2011,2011,RS,Flood,3e3,2.9999999999999996,0,0,Km2,129795,11069.861,NA,25.94,18.4,22.96,114.2,85.7,92.4,85.9,90.8,Rio Grande do Sul,23,07,29,07,NA,2011-0427,NA,108.32,NA,1.065
2011,2011,RS,Flood,31600,11.999999999999998,0,0,Km2,306993,11069.861,NA,25.94,18.4,22.96,114.2,85.7,92.4,85.9,90.8,Rio Grande do Sul,21,04,24,04,NA,2011-0142,NA,108.32,NA,1.065
2011,2011,RS,Flood,9103.281939214132,2.936542561036817,0,0,Km2,12444,11069.861,NA,25.94,18.4,22.96,114.2,85.7,92.4,85.9,90.8,Rio Grande do Sul,12,03,18,03,NA,2011-0086,NA,108.32,NA,1.065
2011,2011,RS,Flood,36000.37499297983,6.923149037111505,0,0,Km2,200669,11069.861,NA,25.94,18.4,22.96,114.2,85.7,92.4,85.9,90.8,Rio Grande do Sul,15,07,19,07,NA,2011-0213,NA,108.32,NA,1.065
2011,2011,SC,Flood,1e6,3,0,0,Km2,NA,6446.209,NA,22.88,18.67,25.02,113.6,83.9,92.5,91.3,92.7,Santa Catarina,NA,09,NA,09,NA,2011-0361,NA,108.32,NA,1.065
2011,2011,SC,Flood,5301.029341389164,1.7100094649642463,0,0,Km2,12444,6446.209,NA,22.88,18.67,25.02,113.6,83.9,92.5,91.3,92.7,Santa Catarina,12,03,18,03,NA,2011-0086,NA,108.32,NA,1.065
2012,2012,AC,Flood,89e3,3,0,0,Km2,172063,762.631,8.4,23.87,14.53,11.369616081029513,556,49.3,77,48.8,67.3,Acre,20,02,26,03,NA,2012-0075,NA,116.92,10137.92471,1.1271959999999999
2012,2012,AM,Flood,21e4,0,171e3,0,Km2,127883,3740.976,9.475,30.72,14.73,16.51658452828129,185.8,73.5,85.9,58.6,65.3,Amazonas,01,05,20,05,NA,2012-0185,NA,116.92,72242.70068,1.1271959999999999
2012,2013,BA,Drought,1343236.392663126,0,490281.28332204104,0,Km2,NA,14957.177,11.05,49.8,17.72,10.439915760345427,417.1,86.7,82.3,65.6,90.2,Bahia,NA,05,NA,05,NA,2012-9607,NA,116.92,182572.5301,1.1271959999999999
2012,2013,MG,Drought,1836238.1887277334,0,670226.9388856227,0,Km2,NA,20446.84,6.874999999999999,77.3,18.4,18.50056852166073,114.9,87.9,90.7,84.3,91.6,Minas Gerais,NA,05,NA,05,NA,2012-9607,NA,116.92,442282.8299,1.1271959999999999
2012,2013,PE,Drought,820525.4186091404,0,299491.77779233624,0,Km2,NA,9136.697,9.075,45.81,18.22,11.981046768248687,208.9,82.4,86,63.6,86.4,Pernambuco,NA,05,NA,05,NA,2012-9607,NA,116.92,127989.0433,1.1271959999999999
2013,2013,BA,Flood,600,19,2e3,0,Km2,NA,15044.137,11.15,50.07,17.9,10.833176567443486,366.3,82.9,80.3,62.6,86.8,Bahia,07,12,10,12,NA,2013-0519,NA,125.69,204844.2735,1.1938132836
2013,2014,ES,Flood,6804.176292760177,10.056981125557765,84855.77824689365,0,Km2,NA,3839.366,7.1,79.37,18.32,24.302042844471618,167.9,88.7,92,90,89.1,Espirito Santo,17,12,04,01,NA,2013-0552,NA,125.69,117274.3469,1.1938132836
2013,2014,MG,Flood,36495.82370723982,53.94301887444223,455144.22175310634,0,Km2,NA,20593.356,6.6,77.66,18.67,18.853688694931144,123.3,86.2,89.3,81.7,90.6,Minas Gerais,17,12,04,01,NA,2013-0552,NA,125.69,488004.903,1.1938132836
2013,2013,RJ,Flood,1510,30,1500,0,Km2,NA,16369.179,6.775,80.41,19.35,30.534325452051796,61.5,88.3,97.8,93,84.6,Rio de Janeiro,17,03,18,03,NA,2013-0077,NA,125.69,628226.0694,1.1938132836
2013,2013,RJ,Flood,2e3,2,0,0,Km2,NA,16369.179,6.775,80.41,19.35,30.534325452051796,61.5,88.3,97.8,93,84.6,Rio de Janeiro,12,12,12,12,NA,2013-0521,NA,125.69,628226.0694,1.1938132836
2013,2013,RJ,Flood,2e5,4,2e3,0,Km2,NA,16369.179,6.775,80.41,19.35,30.534325452051796,61.5,88.3,97.8,93,84.6,Rio de Janeiro,01,01,20,01,NA,2013-0003,NA,125.69,628226.0694,1.1938132836
2013,2013,SC,Storm,1828.6500111744176,0.2637983282132743,11870.924769597344,0,Kph,NA,6634.254,3.075,22.63,19.51,25.725229624070778,92.5,82.8,95,83,93.6,Santa Catarina,21,09,22,09,NA,2013-0408,NA,125.69,214512.2416,1.1938132836
2013,2013,SP,Storm,12035.349988825583,1.7362016717867257,78129.07523040265,0,Kph,NA,43663.669,7.2250000000000005,92.26,19.38,31.253851398063688,55.5,96.4,99,96.5,84.7,Sao Paulo,21,09,22,09,NA,2013-0408,NA,125.69,1715238.417,1.1938132836
2014,2014,AC,Flood,21008.09313835168,0,62246.201891412384,0,Km2,NA,790.101,7.7,23.98,15.7,12.56576300560883,435.5,55.2,80.1,58.1,74,Acre,15,02,NA,03,NA,2014-0103,NA,135.56,13458.69763,1.27033671507876
2014,2016,AL,Drought,1596036.9443096248,0,295562.39709437493,0,Km2,NA,3321.305,9.625,20.31,17.22,9.100779231641978,215.7,73.1,81.8,55.9,83.5,Alagoas,NA,01,NA,12,NA,2014-9025,NA,135.56,40974.99401,1.27033671507876
2014,2016,BA,Drought,7268903.92461208,0,1346093.3193726074,0,Km2,NA,15126.371,10.25,52.37,18.25,10.920585071840879,287.1,84.4,82,65.9,88,Bahia,NA,01,NA,12,NA,2014-9025,NA,135.56,223929.9662,1.27033671507876
2014,2016,CE,Drought,4249726.32954824,0,786986.3573237481,0,Km2,NA,8843.553,7.35,34,17.09,10.514773287833432,232.1,78.6,77.5,44.8,82.8,Ceara,NA,01,NA,12,NA,2014-9025,NA,135.56,126054.4716,1.27033671507876
2014,2016,MA,Drought,3292158.9451073296,0,609659.0639087647,0,Km2,NA,6850.884,6.825,10.28,15.84,8.274097647581849,733.1,66.5,58.9,48.1,76.9,Maranhao,NA,01,NA,12,NA,2014-9025,NA,135.56,76842.02765,1.27033671507876
2014,2016,PB,Drought,1895214.7315915173,0,350965.69103546615,0,Km2,NA,3943.885,8.85,51.94,17.61,9.901461013416816,276.2,81.2,85.2,70.8,86.1,Paraiba,NA,01,NA,12,NA,2014-9025,NA,135.56,52936.48307,1.27033671507876
2014,2016,PE,Drought,4458570.762673176,0,825661.2523468845,0,Km2,NA,9278.152,8.15,49.88,17.95,12.334971666022295,131.5,80.2,85,67,86.3,Pernambuco,NA,01,NA,12,NA,2014-9025,NA,135.56,155142.6479,1.27033671507876
2014,2016,PI,Drought,1534840.0024988346,0,284229.6300923768,0,Km2,NA,3193.956,6.525,3.96,17.74,8.712673752133288,594.1,79.1,67.8,82.2,82.7,Piaui,NA,01,NA,12,NA,2014-9025,NA,135.56,37723.49664,1.27033671507876
2014,2014,PR,Flood,311161.3248243007,6.844837283057178,0,0,Km2,NA,11081.692,4,61.85,19.2,23.171100639698757,158.3,90.7,94.1,76.4,92,Parana,07,06,30,06,NA,2014-0188,NA,135.56,348084.1908,1.27033671507876
2014,2016,RN,Drought,1637942.882405801,0,303322.75600107433,0,Km2,NA,3408.51,11.025,21.47,19.12,11.691741916178472,223.8,86.8,86.3,66.4,84.8,Rio Grande do Norte,NA,01,NA,12,NA,2014-9025,NA,135.56,54022.58392,1.27033671507876
2014,2014,RO,Flood,46491.90686164832,0,137753.79810858762,0,Km2,NA,1748.531,4.175,6.97,18.38,14.357194515165752,382.5,47.6,78.7,39.6,84.6,Rondonia,15,02,NA,03,NA,2014-0103,NA,135.56,34030.98197,1.27033671507876
2014,2014,RS,Flood,5e4,10,0,0,Km2,NA,11207.274,5,33.78,18.61,23.55205033368784,106.1,87.8,93.3,83.9,92.8,Rio Grande do Sul,03,07,14,07,NA,2014-0245,NA,135.56,357816.4238,1.27033671507876
2014,2014,SC,Flood,188890.67517569926,4.155162716942821,0,0,Km2,NA,6727.148,2.875,24.69,19.5,26.59774218451037,103.9,83.4,94.6,85.3,93.7,Santa Catarina,07,06,30,06,NA,2014-0188,NA,135.56,242553.3709,1.27033671507876
2014,2016,SE,Drought,1066605.4772533963,0,197519.532824703,0,Km2,NA,2219.574,9.225,41.02,18.38,12.454052304842804,84.2,86.7,83.5,52.7,86.6,Sergipe,NA,01,NA,12,NA,2014-9025,NA,135.56,37472.4315,1.27033671507876
2014,2014,SP,Flood,600,20,0,0,Km2,NA,44035.304,7.125,90.45,19.39,31.12855599633111,60,96.3,99.1,95.8,85.8,Sao Paulo,12,01,13,01,NA,2014-0002,NA,135.56,1858196.056,1.27033671507876
2015,2015,AM,Flood,1e3,5,0,0,Km2,450353,3938.336,9.5,27.55,15.72,15.072659137749792,136.3,74.1,84.8,70.5,68.3,Amazonas,01,04,02,05,NA,2015-0208,NA,145.82,86560.49615,1.4058816425776637
2015,2015,BA,Landslide,0,15,0,0,NA,NA,15203.934,12.25,53.58,18.45,11.051903491586987,271.6,85.1,81.1,71,87.7,Bahia,27,04,27,04,NA,2015-0157,NA,145.82,245024.8621,1.4058816425776637
2015,2015,PR,Flood,108131.28473789761,1.145701258083255,0,0,Km2,115,11163.018,5.8500000000000005,65.2,18.73,23.157744652477273,139,90.6,93.9,84,92.9,Parana,10,07,21,07,NA,2015-0285,NA,145.82,376959.7492,1.4058816425776637
2015,2015,RS,Flood,3343.170866569968,1.8676932215474682,1245.1288143649788,0,Km2,NA,11247.972,6.2,39.98,18.54,23.289231125353645,95,88.4,93.8,89.4,92.9,Rio Grande do Sul,08,10,20,10,NA,2015-0489,NA,145.82,381985.1427,1.4058816425776637
2015,2015,RS,Flood,108954.19706891986,1.1544203970006341,0,0,Km2,115,11247.972,6.2,39.98,18.54,23.289231125353645,95,88.4,93.8,89.4,92.9,Rio Grande do Sul,10,07,21,07,NA,2015-0285,NA,145.82,381985.1427,1.4058816425776637
2015,2015,RS,Flood,9e3,0,0,0,Km2,NA,11247.972,6.2,39.98,18.54,23.289231125353645,95,88.4,93.8,89.4,92.9,Rio Grande do Sul,20,12,26,12,NA,2015-0551,NA,145.82,381985.1427,1.4058816425776637
2015,2015,SC,Flood,66054.51819318252,0.6998783449161107,0,0,Km2,115,6819.19,4.1,38.17,19.67,25.04819364869381,101,84.4,94.9,90.5,94.7,Santa Catarina,10,07,21,07,NA,2015-0285,NA,145.82,249072.7967,1.4058816425776637
2015,2015,SC,Storm,11037,2,2000.0000000000002,0,Kph,320,6819.19,4.1,38.17,19.67,25.04819364869381,101,84.4,94.9,90.5,94.7,Santa Catarina,20,04,20,04,NA,2015-0156,NA,145.82,249072.7967,1.4058816425776637
2015,2015,SC,Flood,2026.8291334300316,1.1323067784525318,754.8711856350211,0,Km2,NA,6819.19,4.1,38.17,19.67,25.04819364869381,101,84.4,94.9,90.5,94.7,Santa Catarina,08,10,20,10,NA,2015-0489,NA,145.82,249072.7967,1.4058816425776637
2016,2017,BA,Epidemic,115.96121387351509,38.95222242083326,0,0,Vaccinated,NA,15276.566,15.85,NA,NA,NA,230.4,NA,NA,NA,NA,Bahia,18,12,01,04,Yellow fever,2016-0518,NA,157.69,NA,NA
2016,2017,DF,Epidemic,22.59942328162305,7.591312067572221,0,0,Vaccinated,NA,2977.216,12,NA,NA,NA,85.5,NA,NA,NA,NA,Distrito Federal,18,12,01,04,Yellow fever,2016-0518,NA,157.69,NA,NA
2016,2017,ES,Epidemic,30.163501907794288,10.132141567483023,0,0,Vaccinated,NA,3973.697,12.225,NA,NA,NA,165.5,NA,NA,NA,NA,Espirito Santo,18,12,01,04,Yellow fever,2016-0518,NA,157.69,NA,NA
2016,2017,GO,Epidemic,50.82683331588038,17.0731061717436,0,0,Vaccinated,NA,6695.855,10.475,NA,NA,NA,188.6,NA,NA,NA,NA,Goias,18,12,01,04,Yellow fever,2016-0518,NA,157.69,NA,NA
2016,2017,MG,Epidemic,159.38808145639314,53.53962581739846,0,0,Vaccinated,NA,20997.56,11.075000000000001,NA,NA,NA,135.3,NA,NA,NA,NA,Minas Gerais,18,12,01,04,Yellow fever,2016-0518,NA,157.69,NA,NA
2016,2016,MS,Flood,2308.665414397202,0.13714844045923968,4571.614681974656,0,Km2,11051483,2682.386,7.675,NA,NA,NA,228.4,NA,NA,NA,NA,Mato Grosso do Sul,09,01,15,01,NA,2016-0033,NA,157.69,NA,NA
2016,2017,MS,Epidemic,20.361430483612786,6.83955386901279,0,0,Vaccinated,NA,2682.386,7.675,NA,NA,NA,228.4,NA,NA,NA,NA,Mato Grosso do Sul,18,12,01,04,Yellow fever,2016-0518,NA,157.69,NA,NA
2016,2016,PR,Flood,9676.339955454474,0.5748320765616519,19161.069218721732,0,Km2,11051483,11242.72,8.225,NA,NA,NA,145.5,NA,NA,NA,NA,Parana,09,01,15,01,NA,2016-0033,NA,157.69,NA,NA
2016,2016,RJ,Flood,0,8.130230992741875,27100.76997580625,0,Km2,NA,16635.996,11.725,NA,NA,NA,40.7,NA,NA,NA,NA,Rio de Janeiro,10,03,11,03,NA,2016-0077,NA,157.69,NA,NA
2016,2017,RN,Epidemic,26.37798221721015,8.860557733194144,0,0,Vaccinated,NA,3474.998,14.149999999999999,NA,NA,NA,208.3,NA,NA,NA,NA,Rio Grande do Norte,18,12,01,04,Yellow fever,2016-0518,NA,157.69,NA,NA
2016,2016,SP,Flood,0,21.869769007258125,72899.23002419375,0,Km2,NA,44749.699,12.35,NA,NA,NA,53,NA,NA,NA,NA,Sao Paulo,10,03,11,03,NA,2016-0077,NA,157.69,NA,NA
2016,2016,SP,Flood,38514.99463014832,2.2880194829791085,76267.31609930361,0,Km2,11051483,44749.699,12.35,NA,NA,NA,53,NA,NA,NA,NA,Sao Paulo,09,01,15,01,NA,2016-0033,NA,157.69,NA,NA
2016,2017,SP,Epidemic,339.6855953435101,114.10288337793581,0,0,Vaccinated,NA,44749.699,12.35,NA,NA,NA,53,NA,NA,NA,NA,Sao Paulo,18,12,01,04,Yellow fever,2016-0518,NA,157.69,NA,NA
2016,2017,TO,Epidemic,11.635938120461041,3.908596974826682,0,0,Vaccinated,NA,1532.902,11.450000000000001,NA,NA,NA,189.8,NA,NA,NA,NA,Tocantins,18,12,01,04,Yellow fever,2016-0518,NA,157.69,NA,NA
2017,2017,AL,Flood,27356.98083187065,3.677719720051748,26269.4265717982,0,Km2,26601035,3375.382,16.674999999999997,NA,NA,NA,NA,NA,NA,NA,NA,Alagoas,26,05,10,06,NA,2017-0202,NA,163.65,NA,NA
2017,2018,MG,Epidemic,78.94357973543046,39.217133158891265,0,0,Vaccinated,NA,21119.536,12.200000000000001,NA,NA,NA,NA,NA,NA,NA,NA,Minas Gerais,01,07,16,02,Yellow fever,2017-0551,NA,163.65,NA,NA
2017,2017,PE,Flood,76783.01916812935,10.322280279948252,73730.5734282018,0,Km2,26601035,9473.707,17.650000000000002,NA,NA,NA,NA,NA,NA,NA,NA,Pernambuco,26,05,10,06,NA,2017-0202,NA,163.65,NA,NA
2017,2018,RJ,Epidemic,62.494471283798724,31.045640573241947,0,0,Vaccinated,NA,16718.956,14.925,NA,NA,NA,NA,NA,NA,NA,NA,Rio de Janeiro,01,07,16,02,Yellow fever,2017-0551,NA,163.65,NA,NA
2017,2018,SP,Epidemic,168.5619489807708,83.73722626786677,0,0,Vaccinated,NA,45094.866,13.399999999999999,NA,NA,NA,NA,NA,NA,NA,NA,Sao Paulo,01,07,16,02,Yellow fever,2017-0551,NA,163.65,NA,NA
2018,2018,RJ,Flood,250,4,0,0,Km2,5513895,17159.96,15.2,NA,NA,NA,NA,NA,NA,NA,NA,Rio de Janeiro,14,02,16,02,NA,2018-0040,NA,NA,NA,NA
2018,2018,SP,Flood,1e3,3.0000000000000004,43e3,0,Km2,13127834,45538.936,13.8,NA,NA,NA,NA,NA,NA,NA,NA,Sao Paulo,20,03,21,03,NA,2018-0112,NA,NA,NA,NA
